site_id,northing,easting,dataset
0,207104.2812,455197.0424,sssi_england
1,207523.9221,451939.7613,sssi_england
2,208509.771,449379.1801,sac_england
3,208509.771,449379.1801,sssi_england
4,209172.2732,449675.3589,sssi_england
5,209683.6289,448540.9575,sssi_england
6,209719.6262,448507.349,sac_england
7,209809.9311,448494.3979,sssi_england
8,202744.0642,453072.1934,sssi_england
9,203784.4441,452261.7975,sssi_england
10,205182.0066,454784.0248,sssi_england
11,205190.9537,455731.614,sssi_england
12,206466.7517,455008.5136,sssi_england
13,206495.4966,451964.0571,sssi_england
14,202053.275,455574.1659,agi
15,202073.415,455316.0769,agi
16,202233.58,455938.813,agi
17,202291.43,453537.6434,agi
18,202546.92,454047.6941,agi
19,202754.2,453751.7393,agi
20,202822.65,453903.9152,agi
21,202926.075,453578.6026,agi
22,203054.225,452915.686,agi
23,203305.075,452589.5184,agi
24,203448.225,452782.4633,agi
25,203472.65,453196.6306,agi
26,203659.715,454240.1906,agi
27,203820.53,453957.9382,agi
28,203890.515,453502.7585,agi
29,203048.275,455091.8782,agi
30,203106.315,454505.3465,agi
31,203228.79,454870.2429,agi
32,203319.11,454571.8708,agi
33,203435.555,454743.9037,agi
34,203554.755,454597.8999,agi
35,203644.7,454483.1731,agi
36,203680.83,454618.3497,agi
37,204408.7,455891.5708,agi
38,204476.375,455347.1775,agi
39,203896.2,453735.7048,agi
40,203933.4,454038.0496,agi
41,204055.115,451857.9025,agi
42,204134.595,454232.229,agi
43,204300.485,452087.3581,agi
44,204455.67,452808.4479,agi
45,204468.265,453563.5435,agi
46,204535.51,452216.1579,agi
47,204562.425,453145.6513,agi
48,204872.605,454164.175,agi
49,204870.375,451393.819,agi
50,205145.465,451156.1173,agi
51,205237.035,451069.1415,agi
52,205622.85,451077.8711,agi
53,205858.15,451449.0905,agi
54,204910.1,453532.6809,agi
55,204920.075,453921.8366,agi
56,205162.385,452424.3949,agi
57,205261.065,453650.6137,agi
58,205281.79,452550.4423,agi
59,205404.005,452411.1106,agi
60,205426.4,453144.1662,agi
61,205466.475,453469.2167,agi
62,205581.365,453102.587,agi
63,205600.81,452568.5779,agi
64,205896.69,450507.715,agi
65,205957.7,449836.7478,agi
66,205981.29,451496.234,agi
67,205970.045,449622.4824,agi
68,206012.855,451204.4787,agi
69,206032.345,451168.4749,agi
70,206148.71,450604.0548,agi
71,206194.3,450164.8225,agi
72,205641.75,453038.5122,agi
73,205853.5,452037.3436,agi
74,206084.945,452035.2853,agi
75,206148.725,453226.2269,agi
76,206211.725,452497.9426,agi
77,206320.425,452734.4513,agi
78,206449.18,453015.655,agi
79,206530.485,454090.0491,agi
80,206534.775,452698.6871,agi
81,206550.85,454041.7519,agi
82,205969.975,455341.1775,agi
83,206060.795,454688.7877,agi
84,206133.98,454922.2631,agi
85,206163.06,455198.3541,agi
86,206164.44,454730.5055,agi
87,206168.985,455034.8104,agi
88,206464.2245,455006.5178,agi
89,206698.255,454427.344,agi
90,206854.395,455455.3336,agi
91,206865.575,456214.7114,agi
92,206390.625,450028.2446,agi
93,206473.99,451256.669,agi
94,206914.17,450713.4691,agi
95,206994.415,451133.8764,agi
96,207145.2996,449977.3094,agi
97,207176.3,450505.3837,agi
98,207307.998,450336.1315,agi
99,207422.1253,450331.1573,agi
100,207553.95,450889.5039,agi
101,207830.6,450423.2852,agi
102,202377.385,455078.2379,agi
103,202420.445,455800.0332,agi
104,202636.17,454700.0468,agi
105,202649.2,455150.4129,agi
106,202786.795,455292.2528,agi
107,202823.115,456082.9513,agi
108,202834.925,455316.2189,agi
109,202829.65,455761.5771,agi
110,202934.05,455545.0766,agi
111,202939.38,455886.0121,agi
112,204686.285,454956.8031,agi
113,204735.76,454700.4736,agi
114,204768.935,455226.9208,agi
115,204901.65,455232.3446,agi
116,205218.705,455182.7733,agi
117,205247.135,455038.3756,agi
118,205155.2038,455736.4691,agi
119,205573.77,455586.0425,agi
120,205871.3641,454762.65,agi
121,206875.235,455346.7642,agi
122,206933.565,455176.5359,agi
123,206960.86,455344.0708,agi
124,207121.1265,455179.7588,agi
125,207184.53,455713.3138,agi
126,207228.275,456134.4377,agi
127,207342.29,455908.4792,agi
128,207372.09,454744.9275,agi
129,207476.41,455166.3378,agi
130,207541.04,456063.2654,agi
131,207566.025,455634.1186,agi
132,207621.21,456600.056,agi
133,207632.54,454471.4197,agi
134,207854.96,455228.6557,agi
135,208079.275,455366.8159,agi
136,208206.595,454816.7705,agi
137,208221.81,454865.0571,agi
138,206622.1,452044.7415,agi
139,207272.085,452933.5675,agi
140,207343.65,451559.5676,agi
141,207528.88,453714.2452,agi
142,207715.725,452623.0557,agi
143,207831.6,453964.1884,agi
144,207987.6,454068.643,agi
145,208138.67,453583.1689,agi
146,208222.325,454075.2367,agi
147,208387.225,452744.3924,agi
148,208161.75,451204.6274,agi
149,208407.965,450233.1375,agi
150,208483.875,450382.4621,agi
151,208505.1458,449382.0412,agi
152,208962.58,451129.0192,agi
153,209169.05,450510.4946,agi
154,209258.78,450839.8747,agi
155,209667.5026,448869.4817,agi
156,209711.8249,449074.6036,agi
157,209737.1227,449491.7135,agi
158,209834.0498,448503.7901,agi
159,209993.75,448764.8293,agi
160,208439.195,453017.8973,agi
161,208483.11,454134.0769,agi
162,208710.505,452679.9745,agi
163,208773.875,453000.88,agi
164,208881.38,452712.293,agi
165,208996.6,452446.7855,agi
166,209855.475,449677.4507,agi
167,209968.7994,449342.4935,agi
168,209997.09,451326.5836,agi
169,210356.56,451010.9766,agi
170,210437.63,450943.0355,agi
171,210570.25,450128.7496,agi
172,202053.275,455574.1659,agi
173,202073.415,455316.0769,agi
174,202233.58,455938.813,agi
175,202291.43,453537.6434,agi
176,202546.92,454047.6941,agi
177,202754.2,453751.7393,agi
178,202822.65,453903.9152,agi
179,202926.075,453578.6026,agi
180,203054.225,452915.686,agi
181,203305.075,452589.5184,agi
182,203448.225,452782.4633,agi
183,203472.65,453196.6306,agi
184,203659.715,454240.1906,agi
185,203820.53,453957.9382,agi
186,203890.515,453502.7585,agi
187,203048.275,455091.8782,agi
188,203106.315,454505.3465,agi
189,203228.79,454870.2429,agi
190,203319.11,454571.8708,agi
191,203435.555,454743.9037,agi
192,203554.755,454597.8999,agi
193,203644.7,454483.1731,agi
194,203680.83,454618.3497,agi
195,204408.7,455891.5708,agi
196,204476.375,455347.1775,agi
197,203896.2,453735.7048,agi
198,203933.4,454038.0496,agi
199,204055.115,451857.9025,agi
200,204134.595,454232.229,agi
201,204300.485,452087.3581,agi
202,204455.67,452808.4479,agi
203,204468.265,453563.5435,agi
204,204535.51,452216.1579,agi
205,204562.425,453145.6513,agi
206,204872.605,454164.175,agi
207,204870.375,451393.819,agi
208,205145.465,451156.1173,agi
209,205237.035,451069.1415,agi
210,205622.85,451077.8711,agi
211,205858.15,451449.0905,agi
212,204910.1,453532.6809,agi
213,204920.075,453921.8366,agi
214,205162.385,452424.3949,agi
215,205261.065,453650.6137,agi
216,205281.79,452550.4423,agi
217,205404.005,452411.1106,agi
218,205426.4,453144.1662,agi
219,205466.475,453469.2167,agi
220,205581.365,453102.587,agi
221,205600.81,452568.5779,agi
222,205896.69,450507.715,agi
223,205957.7,449836.7478,agi
224,205981.29,451496.234,agi
225,205970.045,449622.4824,agi
226,206012.855,451204.4787,agi
227,206032.345,451168.4749,agi
228,206148.71,450604.0548,agi
229,206194.3,450164.8225,agi
230,205641.75,453038.5122,agi
231,205853.5,452037.3436,agi
232,206084.945,452035.2853,agi
233,206148.725,453226.2269,agi
234,206211.725,452497.9426,agi
235,206320.425,452734.4513,agi
236,206449.18,453015.655,agi
237,206530.485,454090.0491,agi
238,206534.775,452698.6871,agi
239,206550.85,454041.7519,agi
240,205969.975,455341.1775,agi
241,206060.795,454688.7877,agi
242,206133.98,454922.2631,agi
243,206163.06,455198.3541,agi
244,206164.44,454730.5055,agi
245,206168.985,455034.8104,agi
246,206464.2245,455006.5178,agi
247,206698.255,454427.344,agi
248,206854.395,455455.3336,agi
249,206865.575,456214.7114,agi
250,206390.625,450028.2446,agi
251,206473.99,451256.669,agi
252,206914.17,450713.4691,agi
253,206994.415,451133.8764,agi
254,207145.2996,449977.3094,agi
255,207176.3,450505.3837,agi
256,207307.998,450336.1315,agi
257,207422.1253,450331.1573,agi
258,207553.95,450889.5039,agi
259,207830.6,450423.2852,agi
260,202377.385,455078.2379,agi
261,202420.445,455800.0332,agi
262,202636.17,454700.0468,agi
263,202649.2,455150.4129,agi
264,202786.795,455292.2528,agi
265,202823.115,456082.9513,agi
266,202834.925,455316.2189,agi
267,202829.65,455761.5771,agi
268,202934.05,455545.0766,agi
269,202939.38,455886.0121,agi
270,204686.285,454956.8031,agi
271,204735.76,454700.4736,agi
272,204768.935,455226.9208,agi
273,204901.65,455232.3446,agi
274,205218.705,455182.7733,agi
275,205247.135,455038.3756,agi
276,205155.2038,455736.4691,agi
277,205573.77,455586.0425,agi
278,205871.3641,454762.65,agi
279,206875.235,455346.7642,agi
280,206933.565,455176.5359,agi
281,206960.86,455344.0708,agi
282,207121.1265,455179.7588,agi
283,207184.53,455713.3138,agi
284,207228.275,456134.4377,agi
285,207342.29,455908.4792,agi
286,207372.09,454744.9275,agi
287,207476.41,455166.3378,agi
288,207541.04,456063.2654,agi
289,207566.025,455634.1186,agi
290,207621.21,456600.056,agi
291,207632.54,454471.4197,agi
292,207854.96,455228.6557,agi
293,208079.275,455366.8159,agi
294,208206.595,454816.7705,agi
295,208221.81,454865.0571,agi
296,206622.1,452044.7415,agi
297,207272.085,452933.5675,agi
298,207343.65,451559.5676,agi
299,207528.88,453714.2452,agi
300,207715.725,452623.0557,agi
301,207831.6,453964.1884,agi
302,207987.6,454068.643,agi
303,208138.67,453583.1689,agi
304,208222.325,454075.2367,agi
305,208387.225,452744.3924,agi
306,208161.75,451204.6274,agi
307,208407.965,450233.1375,agi
308,208483.875,450382.4621,agi
309,208505.1458,449382.0412,agi
310,208962.58,451129.0192,agi
311,209169.05,450510.4946,agi
312,209258.78,450839.8747,agi
313,209667.5026,448869.4817,agi
314,209711.8249,449074.6036,agi
315,209737.1227,449491.7135,agi
316,209834.0498,448503.7901,agi
317,209993.75,448764.8293,agi
318,208439.195,453017.8973,agi
319,208483.11,454134.0769,agi
320,208710.505,452679.9745,agi
321,208773.875,453000.88,agi
322,208881.38,452712.293,agi
323,208996.6,452446.7855,agi
324,209855.475,449677.4507,agi
325,209968.7994,449342.4935,agi
326,209997.09,451326.5836,agi
327,210356.56,451010.9766,agi
328,210437.63,450943.0355,agi
329,210570.25,450128.7496,agi
330,202053.275,455574.1659,agi
331,202073.415,455316.0769,agi
332,202233.58,455938.813,agi
333,202291.43,453537.6434,agi
334,202546.92,454047.6941,agi
335,202754.2,453751.7393,agi
336,202822.65,453903.9152,agi
337,202926.075,453578.6026,agi
338,203054.225,452915.686,agi
339,203305.075,452589.5184,agi
340,203448.225,452782.4633,agi
341,203472.65,453196.6306,agi
342,203659.715,454240.1906,agi
343,203820.53,453957.9382,agi
344,203890.515,453502.7585,agi
345,203048.275,455091.8782,agi
346,203106.315,454505.3465,agi
347,203228.79,454870.2429,agi
348,203319.11,454571.8708,agi
349,203435.555,454743.9037,agi
350,203554.755,454597.8999,agi
351,203644.7,454483.1731,agi
352,203680.83,454618.3497,agi
353,204408.7,455891.5708,agi
354,204476.375,455347.1775,agi
355,203896.2,453735.7048,agi
356,203933.4,454038.0496,agi
357,204055.115,451857.9025,agi
358,204134.595,454232.229,agi
359,204300.485,452087.3581,agi
360,204455.67,452808.4479,agi
361,204468.265,453563.5435,agi
362,204535.51,452216.1579,agi
363,204562.425,453145.6513,agi
364,204872.605,454164.175,agi
365,204870.375,451393.819,agi
366,205145.465,451156.1173,agi
367,205237.035,451069.1415,agi
368,205622.85,451077.8711,agi
369,205858.15,451449.0905,agi
370,204910.1,453532.6809,agi
371,204920.075,453921.8366,agi
372,205162.385,452424.3949,agi
373,205261.065,453650.6137,agi
374,205281.79,452550.4423,agi
375,205404.005,452411.1106,agi
376,205426.4,453144.1662,agi
377,205466.475,453469.2167,agi
378,205581.365,453102.587,agi
379,205600.81,452568.5779,agi
380,205896.69,450507.715,agi
381,205957.7,449836.7478,agi
382,205981.29,451496.234,agi
383,205970.045,449622.4824,agi
384,206012.855,451204.4787,agi
385,206032.345,451168.4749,agi
386,206148.71,450604.0548,agi
387,206194.3,450164.8225,agi
388,205641.75,453038.5122,agi
389,205853.5,452037.3436,agi
390,206084.945,452035.2853,agi
391,206148.725,453226.2269,agi
392,206211.725,452497.9426,agi
393,206320.425,452734.4513,agi
394,206449.18,453015.655,agi
395,206530.485,454090.0491,agi
396,206534.775,452698.6871,agi
397,206550.85,454041.7519,agi
398,205969.975,455341.1775,agi
399,206060.795,454688.7877,agi
400,206133.98,454922.2631,agi
401,206163.06,455198.3541,agi
402,206164.44,454730.5055,agi
403,206168.985,455034.8104,agi
404,206464.2245,455006.5178,agi
405,206698.255,454427.344,agi
406,206854.395,455455.3336,agi
407,206865.575,456214.7114,agi
408,206390.625,450028.2446,agi
409,206473.99,451256.669,agi
410,206914.17,450713.4691,agi
411,206994.415,451133.8764,agi
412,207145.2996,449977.3094,agi
413,207176.3,450505.3837,agi
414,207307.998,450336.1315,agi
415,207422.1253,450331.1573,agi
416,207553.95,450889.5039,agi
417,207830.6,450423.2852,agi
418,202377.385,455078.2379,agi
419,202420.445,455800.0332,agi
420,202636.17,454700.0468,agi
421,202649.2,455150.4129,agi
422,202786.795,455292.2528,agi
423,202823.115,456082.9513,agi
424,202834.925,455316.2189,agi
425,202829.65,455761.5771,agi
426,202934.05,455545.0766,agi
427,202939.38,455886.0121,agi
428,204686.285,454956.8031,agi
429,204735.76,454700.4736,agi
430,204768.935,455226.9208,agi
431,204901.65,455232.3446,agi
432,205218.705,455182.7733,agi
433,205247.135,455038.3756,agi
434,205155.2038,455736.4691,agi
435,205573.77,455586.0425,agi
436,205871.3641,454762.65,agi
437,206875.235,455346.7642,agi
438,206933.565,455176.5359,agi
439,206960.86,455344.0708,agi
440,207121.1265,455179.7588,agi
441,207184.53,455713.3138,agi
442,207228.275,456134.4377,agi
443,207342.29,455908.4792,agi
444,207372.09,454744.9275,agi
445,207476.41,455166.3378,agi
446,207541.04,456063.2654,agi
447,207566.025,455634.1186,agi
448,207621.21,456600.056,agi
449,207632.54,454471.4197,agi
450,207854.96,455228.6557,agi
451,208079.275,455366.8159,agi
452,208206.595,454816.7705,agi
453,208221.81,454865.0571,agi
454,206622.1,452044.7415,agi
455,207272.085,452933.5675,agi
456,207343.65,451559.5676,agi
457,207528.88,453714.2452,agi
458,207715.725,452623.0557,agi
459,207831.6,453964.1884,agi
460,207987.6,454068.643,agi
461,208138.67,453583.1689,agi
462,208222.325,454075.2367,agi
463,208387.225,452744.3924,agi
464,208161.75,451204.6274,agi
465,208407.965,450233.1375,agi
466,208483.875,450382.4621,agi
467,208505.1458,449382.0412,agi
468,208962.58,451129.0192,agi
469,209169.05,450510.4946,agi
470,209258.78,450839.8747,agi
471,209667.5026,448869.4817,agi
472,209711.8249,449074.6036,agi
473,209737.1227,449491.7135,agi
474,209834.0498,448503.7901,agi
475,209993.75,448764.8293,agi
476,208439.195,453017.8973,agi
477,208483.11,454134.0769,agi
478,208710.505,452679.9745,agi
479,208773.875,453000.88,agi
480,208881.38,452712.293,agi
481,208996.6,452446.7855,agi
482,209855.475,449677.4507,agi
483,209968.7994,449342.4935,agi
484,209997.09,451326.5836,agi
485,210356.56,451010.9766,agi
486,210437.63,450943.0355,agi
487,210570.25,450128.7496,agi
488,202053.275,455574.1659,agi
489,202073.415,455316.0769,agi
490,202233.58,455938.813,agi
491,202291.43,453537.6434,agi
492,202546.92,454047.6941,agi
493,202754.2,453751.7393,agi
494,202822.65,453903.9152,agi
495,202926.075,453578.6026,agi
496,203054.225,452915.686,agi
497,203305.075,452589.5184,agi
498,203448.225,452782.4633,agi
499,203472.65,453196.6306,agi
500,203659.715,454240.1906,agi
501,203820.53,453957.9382,agi
502,203890.515,453502.7585,agi
503,203048.275,455091.8782,agi
504,203106.315,454505.3465,agi
505,203228.79,454870.2429,agi
506,203319.11,454571.8708,agi
507,203435.555,454743.9037,agi
508,203554.755,454597.8999,agi
509,203644.7,454483.1731,agi
510,203680.83,454618.3497,agi
511,204408.7,455891.5708,agi
512,204476.375,455347.1775,agi
513,203896.2,453735.7048,agi
514,203933.4,454038.0496,agi
515,204055.115,451857.9025,agi
516,204134.595,454232.229,agi
517,204300.485,452087.3581,agi
518,204455.67,452808.4479,agi
519,204468.265,453563.5435,agi
520,204535.51,452216.1579,agi
521,204562.425,453145.6513,agi
522,204872.605,454164.175,agi
523,204870.375,451393.819,agi
524,205145.465,451156.1173,agi
525,205237.035,451069.1415,agi
526,205622.85,451077.8711,agi
527,205858.15,451449.0905,agi
528,204910.1,453532.6809,agi
529,204920.075,453921.8366,agi
530,205162.385,452424.3949,agi
531,205261.065,453650.6137,agi
532,205281.79,452550.4423,agi
533,205404.005,452411.1106,agi
534,205426.4,453144.1662,agi
535,205466.475,453469.2167,agi
536,205581.365,453102.587,agi
537,205600.81,452568.5779,agi
538,205896.69,450507.715,agi
539,205957.7,449836.7478,agi
540,205981.29,451496.234,agi
541,205970.045,449622.4824,agi
542,206012.855,451204.4787,agi
543,206032.345,451168.4749,agi
544,206148.71,450604.0548,agi
545,206194.3,450164.8225,agi
546,205641.75,453038.5122,agi
547,205853.5,452037.3436,agi
548,206084.945,452035.2853,agi
549,206148.725,453226.2269,agi
550,206211.725,452497.9426,agi
551,206320.425,452734.4513,agi
552,206449.18,453015.655,agi
553,206530.485,454090.0491,agi
554,206534.775,452698.6871,agi
555,206550.85,454041.7519,agi
556,205969.975,455341.1775,agi
557,206060.795,454688.7877,agi
558,206133.98,454922.2631,agi
559,206163.06,455198.3541,agi
560,206164.44,454730.5055,agi
561,206168.985,455034.8104,agi
562,206464.2245,455006.5178,agi
563,206698.255,454427.344,agi
564,206854.395,455455.3336,agi
565,206865.575,456214.7114,agi
566,206390.625,450028.2446,agi
567,206473.99,451256.669,agi
568,206914.17,450713.4691,agi
569,206994.415,451133.8764,agi
570,207145.2996,449977.3094,agi
571,207176.3,450505.3837,agi
572,207307.998,450336.1315,agi
573,207422.1253,450331.1573,agi
574,207553.95,450889.5039,agi
575,207830.6,450423.2852,agi
576,202377.385,455078.2379,agi
577,202420.445,455800.0332,agi
578,202636.17,454700.0468,agi
579,202649.2,455150.4129,agi
580,202786.795,455292.2528,agi
581,202823.115,456082.9513,agi
582,202834.925,455316.2189,agi
583,202829.65,455761.5771,agi
584,202934.05,455545.0766,agi
585,202939.38,455886.0121,agi
586,204686.285,454956.8031,agi
587,204735.76,454700.4736,agi
588,204768.935,455226.9208,agi
589,204901.65,455232.3446,agi
590,205218.705,455182.7733,agi
591,205247.135,455038.3756,agi
592,205155.2038,455736.4691,agi
593,205573.77,455586.0425,agi
594,205871.3641,454762.65,agi
595,206875.235,455346.7642,agi
596,206933.565,455176.5359,agi
597,206960.86,455344.0708,agi
598,207121.1265,455179.7588,agi
599,207184.53,455713.3138,agi
600,207228.275,456134.4377,agi
601,207342.29,455908.4792,agi
602,207372.09,454744.9275,agi
603,207476.41,455166.3378,agi
604,207541.04,456063.2654,agi
605,207566.025,455634.1186,agi
606,207621.21,456600.056,agi
607,207632.54,454471.4197,agi
608,207854.96,455228.6557,agi
609,208079.275,455366.8159,agi
610,208206.595,454816.7705,agi
611,208221.81,454865.0571,agi
612,206622.1,452044.7415,agi
613,207272.085,452933.5675,agi
614,207343.65,451559.5676,agi
615,207528.88,453714.2452,agi
616,207715.725,452623.0557,agi
617,207831.6,453964.1884,agi
618,207987.6,454068.643,agi
619,208138.67,453583.1689,agi
620,208222.325,454075.2367,agi
621,208387.225,452744.3924,agi
622,208161.75,451204.6274,agi
623,208407.965,450233.1375,agi
624,208483.875,450382.4621,agi
625,208505.1458,449382.0412,agi
626,208962.58,451129.0192,agi
627,209169.05,450510.4946,agi
628,209258.78,450839.8747,agi
629,209667.5026,448869.4817,agi
630,209711.8249,449074.6036,agi
631,209737.1227,449491.7135,agi
632,209834.0498,448503.7901,agi
633,209993.75,448764.8293,agi
634,208439.195,453017.8973,agi
635,208483.11,454134.0769,agi
636,208710.505,452679.9745,agi
637,208773.875,453000.88,agi
638,208881.38,452712.293,agi
639,208996.6,452446.7855,agi
640,209855.475,449677.4507,agi
641,209968.7994,449342.4935,agi
642,209997.09,451326.5836,agi
643,210356.56,451010.9766,agi
644,210437.63,450943.0355,agi
645,210570.25,450128.7496,agi
