site_id,northing,easting,dataset,quality
0,207104.2812,455197.0424,sssi_england,0.5247240713084176
1,207523.9221,451939.7613,sssi_england,0.8704285838459498
2,208509.771,449379.1801,sac_england,0.7391963650868432
3,208509.771,449379.1801,sssi_england,0.659195091
4,209172.2732,449675.3589,sssi_england,0.39361118426546193
5,209683.6289,448540.9575,sssi_england,0.3935967122017216
6,209719.6262,448507.349,sac_england,0.33485016730091965
7,209809.9311,448494.3979,sssi_england,0.8197056874649611
8,202744.0642,453072.1934,sssi_england,0.6606690070459253
9,203784.4441,452261.7975,sssi_england,0.7248435466776273
10,205182.0066,454784.0248,sssi_england,0.31235069657748143
11,205190.9537,455731.614,sssi_england,0.8819459112971966
12,206466.7517,455008.5136,sssi_england,0.7994655844802532
13,206495.4966,451964.0571,sssi_england,0.4274034664069657
14,202053.275,455574.1659,agi,0.4090949803242604
15,202073.415,455316.0769,agi,0.41004270591206027
16,202233.58,455938.813,agi,0.4825453457757226
17,202291.43,453537.6434,agi,0.6148538589793427
18,202546.92,454047.6941,agi,0.5591670111852695
19,202754.2,453751.7393,agi,0.47473748411882516
20,202822.65,453903.9152,agi,0.6671117368334277
21,202926.075,453578.6026,agi,0.3836963163912251
22,203054.225,452915.686,agi,0.47528678912113087
23,203305.075,452589.5184,agi,0.5198171059762151
24,203448.225,452782.4633,agi,0.5736419905302216
25,203472.65,453196.6306,agi,0.7711055768358082
26,203659.715,454240.1906,agi,0.41980426929501585
27,203820.53,453957.9382,agi,0.608540663
28,203890.515,453502.7585,agi,0.6554487413172255
29,203048.275,455091.8782,agi,0.3278702476319986
30,203106.315,454505.3465,agi,0.664526911
31,203228.79,454870.2429,agi,0.40231447421237493
32,203319.11,454571.8708,agi,0.3390309557911677
33,203435.555,454743.9037,agi,0.8693313223520001
34,203554.755,454597.8999,agi,0.8793792198447357
35,203644.7,454483.1731,agi,0.7850384088698767
36,203680.83,454618.3497,agi,0.4827682615040224
37,204408.7,455891.5708,agi,0.35860326840383033
38,204476.375,455347.1775,agi,0.7105398159072942
39,203896.2,453735.7048,agi,0.5640914962437609
40,203933.4,454038.0496,agi,0.3732229409068673
41,204055.115,451857.9025,agi,0.5971061460667622
42,204134.595,454232.229,agi,0.320633113
43,204300.485,452087.3581,agi,0.8455922412472694
44,204455.67,452808.4479,agi,0.4552679889600102
45,204468.265,453563.5435,agi,0.6975133706123893
46,204535.51,452216.1579,agi,0.4870266456536466
47,204562.425,453145.6513,agi,0.6120408127066865
48,204872.605,454164.175,agi,0.6280261676059677
49,204870.375,451393.819,agi,0.4109126733153162
50,205145.465,451156.1173,agi,0.8817507766587351
51,205237.035,451069.1415,agi,0.7650796940166689
52,205622.85,451077.8711,agi,0.8636993649385136
53,205858.15,451449.0905,agi,0.8368964102565895
54,204910.1,453532.6809,agi,0.6587399872866511
55,204920.075,453921.8366,agi,0.8531245410138701
56,205162.385,452424.3949,agi,0.3530955012311517
57,205261.065,453650.6137,agi,0.4175897174514871
58,205281.79,452550.4423,agi,0.32713637334632284
59,205404.005,452411.1106,agi,0.49519819845795865
60,205426.4,453144.1662,agi,0.5332063738136892
61,205466.475,453469.2167,agi,0.4628094190643376
62,205581.365,453102.587,agi,0.7972425054911576
63,205600.81,452568.5779,agi,0.5140519960161536
64,205896.69,450507.715,agi,0.4685607058124285
65,205957.7,449836.7478,agi,0.6256176498949491
66,205981.29,451496.234,agi,0.3845545349848576
67,205970.045,449622.4824,agi,0.7813181884524238
68,206012.855,451204.4787,agi,0.3447303862078625
69,206032.345,451168.4749,agi,0.8921321619603104
70,206148.71,450604.0548,agi,0.7633468615779946
71,206194.3,450164.8225,agi,0.4192294089205034
72,205641.75,453038.5122,agi,0.30331327027416144
73,205853.5,452037.3436,agi,0.7892768570729005
74,206084.945,452035.2853,agi,0.7241144063085703
75,206148.725,453226.2269,agi,0.7374043008245925
76,206211.725,452497.9426,agi,0.7627622080115675
77,206320.425,452734.4513,agi,0.3444267910404542
78,206449.18,453015.655,agi,0.5150794371265636
79,206530.485,454090.0491,agi,0.36952143571507784
80,206534.775,452698.6871,agi,0.8178620555253562
81,206550.85,454041.7519,agi,0.6739788760965348
82,205969.975,455341.1775,agi,0.4985388149115895
83,206060.795,454688.7877,agi,0.3381350101716142
84,206133.98,454922.2631,agi,0.4865893930293973
85,206163.06,455198.3541,agi,0.4951099932160482
86,206164.44,454730.5055,agi,0.7377637070028384
87,206168.985,455034.8104,agi,0.6825344828131279
88,206464.2245,455006.5178,agi,0.832327646
89,206698.255,454427.344,agi,0.5833289550971696
90,206854.395,455455.3336,agi,0.37175654756298104
91,206865.575,456214.7114,agi,0.7279468723337971
92,206390.625,450028.2446,agi,0.7564710291701385
93,206473.99,451256.669,agi,0.6367663185416979
94,206914.17,450713.4691,agi,0.7625803079727367
95,206994.415,451133.8764,agi,0.5962773578186344
96,207145.2996,449977.3094,agi,0.6136396976291965
97,207176.3,450505.3837,agi,0.5565246110151298
98,207307.998,450336.1315,agi,0.3152514760464571
99,207422.1253,450331.1573,agi,0.36473485619598267
100,207553.95,450889.5039,agi,0.31885751141204055
101,207830.6,450423.2852,agi,0.6818462467582682
102,202377.385,455078.2379,agi,0.488613589
103,202420.445,455800.0332,agi,0.6051424146988217
104,202636.17,454700.0468,agi,0.844539884
105,202649.2,455150.4129,agi,0.449575337
106,202786.795,455292.2528,agi,0.5462297538213778
107,202823.115,456082.9513,agi,0.7533306831258293
108,202834.925,455316.2189,agi,0.4372788992949735
109,202829.65,455761.5771,agi,0.3461879458972758
110,202934.05,455545.0766,agi,0.4738508717482608
111,202939.38,455886.0121,agi,0.3967327723524027
112,204686.285,454956.8031,agi,0.8578185914055438
113,204735.76,454700.4736,agi,0.7848722277386502
114,204768.935,455226.9208,agi,0.6800422539062541
115,204901.65,455232.3446,agi,0.8228763541126307
116,205218.705,455182.7733,agi,0.7822032461394688
117,205247.135,455038.3756,agi,0.4119420353316215
118,205155.2038,455736.4691,agi,0.8355353990939867
119,205573.77,455586.0425,agi,0.6236053451493905
120,205871.3641,454762.65,agi,0.7844640930984376
121,206875.235,455346.7642,agi,0.8376547799540961
122,206933.565,455176.5359,agi,0.49080208498311834
123,206960.86,455344.0708,agi,0.3660311547166061
124,207121.1265,455179.7588,agi,0.436761098
125,207184.53,455713.3138,agi,0.5562646731757538
126,207228.275,456134.4377,agi,0.7908088595534959
127,207342.29,455908.4792,agi,0.8164383499538062
128,207372.09,454744.9275,agi,0.30417127831871443
129,207476.41,455166.3378,agi,0.6064483815465395
130,207541.04,456063.2654,agi,0.5504466018892674
131,207566.025,455634.1186,agi,0.4332646862824382
132,207621.21,456600.056,agi,0.3719192204002097
133,207632.54,454471.4197,agi,0.5025691028421768
134,207854.96,455228.6557,agi,0.8657458223475116
135,208079.275,455366.8159,agi,0.4939217592124532
136,208206.595,454816.7705,agi,0.6112743730460197
137,208221.81,454865.0571,agi,0.7218113753371067
138,206622.1,452044.7415,agi,0.5181777614275764
139,207272.085,452933.5675,agi,0.8830692496325765
140,207343.65,451559.5676,agi,0.8774683769652669
141,207528.88,453714.2452,agi,0.45106937749521847
142,207715.725,452623.0557,agi,0.5983491035354314
143,207831.6,453964.1884,agi,0.4805269858900618
144,207987.6,454068.643,agi,0.4709042966264806
145,208138.67,453583.1689,agi,0.3221321684127197
146,208222.325,454075.2367,agi,0.6657386003879382
147,208387.225,452744.3924,agi,0.6016074139373169
148,208161.75,451204.6274,agi,0.3308872507499936
149,208407.965,450233.1375,agi,0.46718787854196686
150,208483.875,450382.4621,agi,0.8449595315799923
151,208505.1458,449382.0412,agi,0.4437371344001835
152,208962.58,451129.0192,agi,0.38693692325473383
153,209169.05,450510.4946,agi,0.5936716561665378
154,209258.78,450839.8747,agi,0.8913902724663605
155,209667.5026,448869.4817,agi,0.4452331629069003
156,209711.8249,449074.6036,agi,0.7032813284435272
157,209737.1227,449491.7135,agi,0.7569717691972306
158,209834.0498,448503.7901,agi,0.4425825263954398
159,209993.75,448764.8293,agi,0.7369298091671158
160,208439.195,453017.8973,agi,0.52066988
161,208483.11,454134.0769,agi,0.6793834983561478
162,208710.505,452679.9745,agi,0.6801178264565368
163,208773.875,453000.88,agi,0.6214648104448551
164,208881.38,452712.293,agi,0.354173862
165,208996.6,452446.7855,agi,0.8011814973535429
166,209855.475,449677.4507,agi,0.4924680389830415
167,209968.7994,449342.4935,agi,0.41191110623991256
168,209997.09,451326.5836,agi,0.32446508493285836
169,210356.56,451010.9766,agi,0.6545357659129452
170,210437.63,450943.0355,agi,0.7065386171053695
171,210570.25,450128.7496,agi,0.30995269735671366
172,202053.275,455574.1659,agi,0.6072558349795687
173,202073.415,455316.0769,agi,0.4358974651187628
174,202233.58,455938.813,agi,0.687103674
175,202291.43,453537.6434,agi,0.4046198574029949
176,202546.92,454047.6941,agi,0.7145626428614796
177,202754.2,453751.7393,agi,0.5320412077803225
178,202822.65,453903.9152,agi,0.8620379932420408
179,202926.075,453578.6026,agi,0.38251256648759596
180,203054.225,452915.686,agi,0.5046398106301551
181,203305.075,452589.5184,agi,0.36808411274435343
182,203448.225,452782.4633,agi,0.8548161709671378
183,203472.65,453196.6306,agi,0.8264036120285887
184,203659.715,454240.1906,agi,0.4547649766290934
185,203820.53,453957.9382,agi,0.6959904276205074
186,203890.515,453502.7585,agi,0.7903333201207295
187,203048.275,455091.8782,agi,0.6331204869596774
188,203106.315,454505.3465,agi,0.6177903470136039
189,203228.79,454870.2429,agi,0.44511137454027105
190,203319.11,454571.8708,agi,0.3558616606835395
191,203435.555,454743.9037,agi,0.8383294547719962
192,203554.755,454597.8999,agi,0.8402508342979984
193,203644.7,454483.1731,agi,0.6798608743639608
194,203680.83,454618.3497,agi,0.5034178746292204
195,204408.7,455891.5708,agi,0.5095257447675965
196,204476.375,455347.1775,agi,0.7355734073221436
197,203896.2,453735.7048,agi,0.8382661559715463
198,203933.4,454038.0496,agi,0.8322518545590705
199,204055.115,451857.9025,agi,0.7679253275145743
200,204134.595,454232.229,agi,0.6852189876925727
201,204300.485,452087.3581,agi,0.3504839789970293
202,204455.67,452808.4479,agi,0.39697722845676825
203,204468.265,453563.5435,agi,0.8391325131162477
204,204535.51,452216.1579,agi,0.6638574357957541
205,204562.425,453145.6513,agi,0.30551823096997777
206,204872.605,454164.175,agi,0.3608829257196193
207,204870.375,451393.819,agi,0.6981010614648335
208,205145.465,451156.1173,agi,0.3030369503077312
209,205237.035,451069.1415,agi,0.3964848308504992
210,205622.85,451077.8711,agi,0.6292402736199517
211,205858.15,451449.0905,agi,0.715137119
212,204910.1,453532.6809,agi,0.6911767557015603
213,204920.075,453921.8366,agi,0.43456158567633585
214,205162.385,452424.3949,agi,0.7273075328085216
215,205261.065,453650.6137,agi,0.44234945249808005
216,205281.79,452550.4423,agi,0.4952398188955607
217,205404.005,452411.1106,agi,0.7478948430708146
218,205426.4,453144.1662,agi,0.6897797394283288
219,205466.475,453469.2167,agi,0.8095340462965068
220,205581.365,453102.587,agi,0.694567735
221,205600.81,452568.5779,agi,0.640985162
222,205896.69,450507.715,agi,0.3562048606968555
223,205957.7,449836.7478,agi,0.5206294818356602
224,205981.29,451496.234,agi,0.45912142060903527
225,205970.045,449622.4824,agi,0.44639378602745017
226,206012.855,451204.4787,agi,0.8838063328514674
227,206032.345,451168.4749,agi,0.5358586348000562
228,206148.71,450604.0548,agi,0.835227933
229,206194.3,450164.8225,agi,0.6786831755983578
230,205641.75,453038.5122,agi,0.7768867821249892
231,205853.5,452037.3436,agi,0.6015822558631153
232,206084.945,452035.2853,agi,0.6461423307758155
233,206148.725,453226.2269,agi,0.5955106162913184
234,206211.725,452497.9426,agi,0.4171457926788267
235,206320.425,452734.4513,agi,0.7334712691569032
236,206449.18,453015.655,agi,0.4684634174645135
237,206530.485,454090.0491,agi,0.3145895798588723
238,206534.775,452698.6871,agi,0.6872833775443008
239,206550.85,454041.7519,agi,0.4062664076442294
240,205969.975,455341.1775,agi,0.8642751506117488
241,206060.795,454688.7877,agi,0.8723571462015525
242,206133.98,454922.2631,agi,0.8489186341322692
243,206163.06,455198.3541,agi,0.5220952201532667
244,206164.44,454730.5055,agi,0.3092739699173204
245,206168.985,455034.8104,agi,0.8569911375526353
246,206464.2245,455006.5178,agi,0.5569104889903886
247,206698.255,454427.344,agi,0.8799928914262019
248,206854.395,455455.3336,agi,0.8781719862535518
249,206865.575,456214.7114,agi,0.8118056732804162
250,206390.625,450028.2446,agi,0.4766693352417514
251,206473.99,451256.669,agi,0.5310586371611552
252,206914.17,450713.4691,agi,0.8106820029101143
253,206994.415,451133.8764,agi,0.49015320309376664
254,207145.2996,449977.3094,agi,0.40169564801165547
255,207176.3,450505.3837,agi,0.6340807574750101
256,207307.998,450336.1315,agi,0.8616928644964688
257,207422.1253,450331.1573,agi,0.7176178780049838
258,207553.95,450889.5039,agi,0.6420367020536191
259,207830.6,450423.2852,agi,0.3583058962624611
260,202377.385,455078.2379,agi,0.6690043360195019
261,202420.445,455800.0332,agi,0.89403231
262,202636.17,454700.0468,agi,0.3840504091419144
263,202649.2,455150.4129,agi,0.6109977914182421
264,202786.795,455292.2528,agi,0.8264238431567734
265,202823.115,456082.9513,agi,0.7444611706525227
266,202834.925,455316.2189,agi,0.7182094445971609
267,202829.65,455761.5771,agi,0.7214904503922657
268,202934.05,455545.0766,agi,0.5156946907318531
269,202939.38,455886.0121,agi,0.47615510655869603
270,204686.285,454956.8031,agi,0.7856166932871083
271,204735.76,454700.4736,agi,0.7860680368075086
272,204768.935,455226.9208,agi,0.8202433911480622
273,204901.65,455232.3446,agi,0.8479443315338828
274,205218.705,455182.7733,agi,0.6068054393165627
275,205247.135,455038.3756,agi,0.6009097768123197
276,205155.2038,455736.4691,agi,0.7789771073800651
277,205573.77,455586.0425,agi,0.6899783584666591
278,205871.3641,454762.65,agi,0.721180126
279,206875.235,455346.7642,agi,0.7774756016616606
280,206933.565,455176.5359,agi,0.8340032050905399
281,206960.86,455344.0708,agi,0.5027970941109214
282,207121.1265,455179.7588,agi,0.5253497715839665
283,207184.53,455713.3138,agi,0.3563891639045214
284,207228.275,456134.4377,agi,0.6469680845977044
285,207342.29,455908.4792,agi,0.3215653642780452
286,207372.09,454744.9275,agi,0.579358811
287,207476.41,455166.3378,agi,0.625586781
288,207541.04,456063.2654,agi,0.47192475127697064
289,207566.025,455634.1186,agi,0.6544999563414065
290,207621.21,456600.056,agi,0.31830014996342965
291,207632.54,454471.4197,agi,0.32240891324952864
292,207854.96,455228.6557,agi,0.793560336
293,208079.275,455366.8159,agi,0.5161143848467578
294,208206.595,454816.7705,agi,0.37623630759113086
295,208221.81,454865.0571,agi,0.6133459560328827
296,206622.1,452044.7415,agi,0.7619961318591666
297,207272.085,452933.5675,agi,0.4294926164981059
298,207343.65,451559.5676,agi,0.6737342854914001
299,207528.88,453714.2452,agi,0.3512084789962608
300,207715.725,452623.0557,agi,0.3310090327011646
301,207831.6,453964.1884,agi,0.6188127789408888
302,207987.6,454068.643,agi,0.6243810729660639
303,208138.67,453583.1689,agi,0.682457941
304,208222.325,454075.2367,agi,0.7356548
305,208387.225,452744.3924,agi,0.8855112476775209
306,208161.75,451204.6274,agi,0.6097802089807172
307,208407.965,450233.1375,agi,0.4937738837647476
308,208483.875,450382.4621,agi,0.7771117168612223
309,208505.1458,449382.0412,agi,0.4624993507572446
310,208962.58,451129.0192,agi,0.5633828524233817
311,209169.05,450510.4946,agi,0.3470738288053596
312,209258.78,450839.8747,agi,0.3152104460492745
313,209667.5026,448869.4817,agi,0.877589049
314,209711.8249,449074.6036,agi,0.8015880723073237
315,209737.1227,449491.7135,agi,0.7175845236562188
316,209834.0498,448503.7901,agi,0.545371767
317,209993.75,448764.8293,agi,0.40397659204250747
318,208439.195,453017.8973,agi,0.3938622256026516
319,208483.11,454134.0769,agi,0.4501457388987572
320,208710.505,452679.9745,agi,0.6295359988236724
321,208773.875,453000.88,agi,0.7287575536200375
322,208881.38,452712.293,agi,0.6961184260306388
323,208996.6,452446.7855,agi,0.4679603381675657
324,209855.475,449677.4507,agi,0.8729191683979165
325,209968.7994,449342.4935,agi,0.7427381500174612
326,209997.09,451326.5836,agi,0.6326124315068404
327,210356.56,451010.9766,agi,0.6670324477406113
328,210437.63,450943.0355,agi,0.551760037
329,210570.25,450128.7496,agi,0.4486385937006945
330,202053.275,455574.1659,agi,0.5135836071907569
331,202073.415,455316.0769,agi,0.7547076662786215
332,202233.58,455938.813,agi,0.3086360931778535
333,202291.43,453537.6434,agi,0.36964358430414973
334,202546.92,454047.6941,agi,0.32760158521305166
335,202754.2,453751.7393,agi,0.32443728139138206
336,202822.65,453903.9152,agi,0.8132763504066043
337,202926.075,453578.6026,agi,0.7221947156280142
338,203054.225,452915.686,agi,0.5845042974523951
339,203305.075,452589.5184,agi,0.35870049639060086
340,203448.225,452782.4633,agi,0.5949695250700995
341,203472.65,453196.6306,agi,0.5840830624683395
342,203659.715,454240.1906,agi,0.4039211219460091
343,203820.53,453957.9382,agi,0.5603109895427838
344,203890.515,453502.7585,agi,0.5391028406384241
345,203048.275,455091.8782,agi,0.6695100588313299
346,203106.315,454505.3465,agi,0.6810561905205863
347,203228.79,454870.2429,agi,0.3271824058632267
348,203319.11,454571.8708,agi,0.5247675687758828
349,203435.555,454743.9037,agi,0.6755159494285419
350,203554.755,454597.8999,agi,0.6018817551480526
351,203644.7,454483.1731,agi,0.8138939047129934
352,203680.83,454618.3497,agi,0.6952161789713671
353,204408.7,455891.5708,agi,0.3977606562488578
354,204476.375,455347.1775,agi,0.34234124844025793
355,203896.2,453735.7048,agi,0.6854515669237894
356,203933.4,454038.0496,agi,0.3159067863249731
357,204055.115,451857.9025,agi,0.651465349
358,204134.595,454232.229,agi,0.8641381448549745
359,204300.485,452087.3581,agi,0.6452845067255274
360,204455.67,452808.4479,agi,0.5329019557239132
361,204468.265,453563.5435,agi,0.6859729310654119
362,204535.51,452216.1579,agi,0.574951734
363,204562.425,453145.6513,agi,0.627370074
364,204872.605,454164.175,agi,0.8648788852659153
365,204870.375,451393.819,agi,0.5316615826804646
366,205145.465,451156.1173,agi,0.8767143382943485
367,205237.035,451069.1415,agi,0.8432103851736383
368,205622.85,451077.8711,agi,0.41747468087357786
369,205858.15,451449.0905,agi,0.34161678052509925
370,204910.1,453532.6809,agi,0.360466801
371,204920.075,453921.8366,agi,0.31093309539092984
372,205162.385,452424.3949,agi,0.356665776
373,205261.065,453650.6137,agi,0.7098040640498142
374,205281.79,452550.4423,agi,0.3427131890761374
375,205404.005,452411.1106,agi,0.4913853781762568
376,205426.4,453144.1662,agi,0.8069251865816729
377,205466.475,453469.2167,agi,0.3139631614414955
378,205581.365,453102.587,agi,0.7886810895533616
379,205600.81,452568.5779,agi,0.46911286486403997
380,205896.69,450507.715,agi,0.37089889657299374
381,205957.7,449836.7478,agi,0.7180422992184905
382,205981.29,451496.234,agi,0.6773657080679305
383,205970.045,449622.4824,agi,0.8264832081162319
384,206012.855,451204.4787,agi,0.7410426262823315
385,206032.345,451168.4749,agi,0.7820885582309092
386,206148.71,450604.0548,agi,0.46922074354278387
387,206194.3,450164.8225,agi,0.40646372626783367
388,205641.75,453038.5122,agi,0.750368851
389,205853.5,452037.3436,agi,0.7841008435603585
390,206084.945,452035.2853,agi,0.8943030852004041
391,206148.725,453226.2269,agi,0.5475706061468559
392,206211.725,452497.9426,agi,0.5232108514756699
393,206320.425,452734.4513,agi,0.7658477764451981
394,206449.18,453015.655,agi,0.5044821241518107
395,206530.485,454090.0491,agi,0.8584543953621389
396,206534.775,452698.6871,agi,0.8150476511058071
397,206550.85,454041.7519,agi,0.557396416
398,205969.975,455341.1775,agi,0.7505226406748985
399,206060.795,454688.7877,agi,0.7527257244508094
400,206133.98,454922.2631,agi,0.36187432130155955
401,206163.06,455198.3541,agi,0.8415317440077401
402,206164.44,454730.5055,agi,0.6031514234687143
403,206168.985,455034.8104,agi,0.7958744796646451
404,206464.2245,455006.5178,agi,0.49202976061836706
405,206698.255,454427.344,agi,0.8373139370977203
406,206854.395,455455.3336,agi,0.5335210072404979
407,206865.575,456214.7114,agi,0.306502591
408,206390.625,450028.2446,agi,0.8432291858515584
409,206473.99,451256.669,agi,0.35477200607168013
410,206914.17,450713.4691,agi,0.49158818255424896
411,206994.415,451133.8764,agi,0.8700371802304829
412,207145.2996,449977.3094,agi,0.8703642881625338
413,207176.3,450505.3837,agi,0.6440627328739716
414,207307.998,450336.1315,agi,0.6791023273018796
415,207422.1253,450331.1573,agi,0.5690673131869919
416,207553.95,450889.5039,agi,0.47592646301883873
417,207830.6,450423.2852,agi,0.4971987272219496
418,202377.385,455078.2379,agi,0.7035110736462231
419,202420.445,455800.0332,agi,0.7514247176626081
420,202636.17,454700.0468,agi,0.7749474262355092
421,202649.2,455150.4129,agi,0.7737708856767325
422,202786.795,455292.2528,agi,0.3547236618292142
423,202823.115,456082.9513,agi,0.596652183
424,202834.925,455316.2189,agi,0.33453525600998657
425,202829.65,455761.5771,agi,0.6297173293942413
426,202934.05,455545.0766,agi,0.5649183008240262
427,202939.38,455886.0121,agi,0.83262251
428,204686.285,454956.8031,agi,0.5105490075312472
429,204735.76,454700.4736,agi,0.37024020985656353
430,204768.935,455226.9208,agi,0.3857950092317015
431,204901.65,455232.3446,agi,0.7569063790304834
432,205218.705,455182.7733,agi,0.6709308379897567
433,205247.135,455038.3756,agi,0.3606736056736741
434,205155.2038,455736.4691,agi,0.35046408366899845
435,205573.77,455586.0425,agi,0.7205814788754721
436,205871.3641,454762.65,agi,0.3436578038185161
437,206875.235,455346.7642,agi,0.7931160355742137
438,206933.565,455176.5359,agi,0.7237453362938977
439,206960.86,455344.0708,agi,0.34880926838513987
440,207121.1265,455179.7588,agi,0.35090262845111514
441,207184.53,455713.3138,agi,0.8919837471007053
442,207228.275,456134.4377,agi,0.5245624774536722
443,207342.29,455908.4792,agi,0.5223852882401345
444,207372.09,454744.9275,agi,0.7876797403545016
445,207476.41,455166.3378,agi,0.8683491464303152
446,207541.04,456063.2654,agi,0.8916006382937227
447,207566.025,455634.1186,agi,0.752026911
448,207621.21,456600.056,agi,0.5257557513185495
449,207632.54,454471.4197,agi,0.35010043001920127
450,207854.96,455228.6557,agi,0.7662881495564622
451,208079.275,455366.8159,agi,0.6350425498414831
452,208206.595,454816.7705,agi,0.5545332055481857
453,208221.81,454865.0571,agi,0.8438126310568417
454,206622.1,452044.7415,agi,0.3667184893836908
455,207272.085,452933.5675,agi,0.5955750625745155
456,207343.65,451559.5676,agi,0.3068121868604514
457,207528.88,453714.2452,agi,0.5811963851964759
458,207715.725,452623.0557,agi,0.33378196540910243
459,207831.6,453964.1884,agi,0.37129074976084314
460,207987.6,454068.643,agi,0.3705157480662629
461,208138.67,453583.1689,agi,0.6895261812696382
462,208222.325,454075.2367,agi,0.747626928
463,208387.225,452744.3924,agi,0.6500212590582959
464,208161.75,451204.6274,agi,0.8773035290847253
465,208407.965,450233.1375,agi,0.5249223477142224
466,208483.875,450382.4621,agi,0.4714272517691165
467,208505.1458,449382.0412,agi,0.8211594769136763
468,208962.58,451129.0192,agi,0.43415750311167156
469,209169.05,450510.4946,agi,0.8779335236643668
470,209258.78,450839.8747,agi,0.30729268481388977
471,209667.5026,448869.4817,agi,0.8819272960245834
472,209711.8249,449074.6036,agi,0.32589594717034565
473,209737.1227,449491.7135,agi,0.8346858682188427
474,209834.0498,448503.7901,agi,0.616620665
475,209993.75,448764.8293,agi,0.8957788776715803
476,208439.195,453017.8973,agi,0.3442779388412393
477,208483.11,454134.0769,agi,0.6323125706407925
478,208710.505,452679.9745,agi,0.8815815213714595
479,208773.875,453000.88,agi,0.6138587065020893
480,208881.38,452712.293,agi,0.6776391828811575
481,208996.6,452446.7855,agi,0.7174492133907704
482,209855.475,449677.4507,agi,0.5727246388606639
483,209968.7994,449342.4935,agi,0.6765348480504381
484,209997.09,451326.5836,agi,0.6505885871538601
485,210356.56,451010.9766,agi,0.8406948062945934
486,210437.63,450943.0355,agi,0.3272678282048747
487,210570.25,450128.7496,agi,0.4685779137553382
488,202053.275,455574.1659,agi,0.8702468904459353
489,202073.415,455316.0769,agi,0.8341582703345498
490,202233.58,455938.813,agi,0.5733940516714278
491,202291.43,453537.6434,agi,0.6720795586809221
492,202546.92,454047.6941,agi,0.4664287097886796
493,202754.2,453751.7393,agi,0.4128726958342568
494,202822.65,453903.9152,agi,0.5782190429639893
495,202926.075,453578.6026,agi,0.5120113368156317
496,203054.225,452915.686,agi,0.6501936671105233
497,203305.075,452589.5184,agi,0.3466407821789909
498,203448.225,452782.4633,agi,0.8846368845996999
499,203472.65,453196.6306,agi,0.8917264466877619
500,203659.715,454240.1906,agi,0.7188970284118472
501,203820.53,453957.9382,agi,0.6216578198064723
502,203890.515,453502.7585,agi,0.48571656977179667
503,203048.275,455091.8782,agi,0.7882770118241693
504,203106.315,454505.3465,agi,0.7108387035323276
505,203228.79,454870.2429,agi,0.39757016360693476
506,203319.11,454571.8708,agi,0.8465563106963057
507,203435.555,454743.9037,agi,0.7935223457539015
508,203554.755,454597.8999,agi,0.8698799479751544
509,203644.7,454483.1731,agi,0.735431705
510,203680.83,454618.3497,agi,0.668049118
511,204408.7,455891.5708,agi,0.5509458217743713
512,204476.375,455347.1775,agi,0.85963709
513,203896.2,453735.7048,agi,0.8196383337002451
514,203933.4,454038.0496,agi,0.32713120206371366
515,204055.115,451857.9025,agi,0.3158201846983512
516,204134.595,454232.229,agi,0.5258780201268298
517,204300.485,452087.3581,agi,0.7863319984690997
518,204455.67,452808.4479,agi,0.8923656775889668
519,204468.265,453563.5435,agi,0.3902501346621169
520,204535.51,452216.1579,agi,0.6564784292112811
521,204562.425,453145.6513,agi,0.528534514
522,204872.605,454164.175,agi,0.881948639
523,204870.375,451393.819,agi,0.8052713538814253
524,205145.465,451156.1173,agi,0.8029972228266828
525,205237.035,451069.1415,agi,0.5812158958769822
526,205622.85,451077.8711,agi,0.5488917014025991
527,205858.15,451449.0905,agi,0.46404424315842374
528,204910.1,453532.6809,agi,0.33382529799055627
529,204920.075,453921.8366,agi,0.8188334257530321
530,205162.385,452424.3949,agi,0.7877406054780466
531,205261.065,453650.6137,agi,0.8998306039716784
532,205281.79,452550.4423,agi,0.8979821022443433
533,205404.005,452411.1106,agi,0.6332590233615765
534,205426.4,453144.1662,agi,0.7613924491083064
535,205466.475,453469.2167,agi,0.866859438
536,205581.365,453102.587,agi,0.809788434
537,205600.81,452568.5779,agi,0.4484088610459186
538,205896.69,450507.715,agi,0.5703264811860562
539,205957.7,449836.7478,agi,0.377495649
540,205981.29,451496.234,agi,0.8724306163552336
541,205970.045,449622.4824,agi,0.6637047806705281
542,206012.855,451204.4787,agi,0.43718568330207763
543,206032.345,451168.4749,agi,0.7030204106435141
544,206148.71,450604.0548,agi,0.6708769442747375
545,206194.3,450164.8225,agi,0.5148976308197043
546,205641.75,453038.5122,agi,0.3681345553197774
547,205853.5,452037.3436,agi,0.7029439173556797
548,206084.945,452035.2853,agi,0.6121846205422761
549,206148.725,453226.2269,agi,0.7633910350413837
550,206211.725,452497.9426,agi,0.612098101
551,206320.425,452734.4513,agi,0.8113089001911242
552,206449.18,453015.655,agi,0.6311441032646914
553,206530.485,454090.0491,agi,0.6365627829212318
554,206534.775,452698.6871,agi,0.825992162
555,206550.85,454041.7519,agi,0.5420897197274382
556,205969.975,455341.1775,agi,0.38040913707038443
557,206060.795,454688.7877,agi,0.3172696057880034
558,206133.98,454922.2631,agi,0.7530823534041715
559,206163.06,455198.3541,agi,0.6721857308120789
560,206164.44,454730.5055,agi,0.7224478608595342
561,206168.985,455034.8104,agi,0.4277784969053464
562,206464.2245,455006.5178,agi,0.3818228853520619
563,206698.255,454427.344,agi,0.30872679940072917
564,206854.395,455455.3336,agi,0.5103525352839582
565,206865.575,456214.7114,agi,0.6539506121127798
566,206390.625,450028.2446,agi,0.5353464270598394
567,206473.99,451256.669,agi,0.5624849532142375
568,206914.17,450713.4691,agi,0.8424952166962492
569,206994.415,451133.8764,agi,0.5089532802139802
570,207145.2996,449977.3094,agi,0.6083936934958865
571,207176.3,450505.3837,agi,0.7701918076446859
572,207307.998,450336.1315,agi,0.5379256693927621
573,207422.1253,450331.1573,agi,0.6732520201367241
574,207553.95,450889.5039,agi,0.8174182252480471
575,207830.6,450423.2852,agi,0.8697123741945854
576,202377.385,455078.2379,agi,0.38824408855742276
577,202420.445,455800.0332,agi,0.8559525750968968
578,202636.17,454700.0468,agi,0.595269776
579,202649.2,455150.4129,agi,0.454946633
580,202786.795,455292.2528,agi,0.5754814537429569
581,202823.115,456082.9513,agi,0.8880195451712862
582,202834.925,455316.2189,agi,0.5955708563957218
583,202829.65,455761.5771,agi,0.49725096617250497
584,202934.05,455545.0766,agi,0.6800405125900355
585,202939.38,455886.0121,agi,0.4440873712669159
586,204686.285,454956.8031,agi,0.34551799686519835
587,204735.76,454700.4736,agi,0.3773278331463895
588,204768.935,455226.9208,agi,0.3768275033746635
589,204901.65,455232.3446,agi,0.39114161610737663
590,205218.705,455182.7733,agi,0.38329630358964606
591,205247.135,455038.3756,agi,0.6845248468819288
592,205155.2038,455736.4691,agi,0.4091280506394869
593,205573.77,455586.0425,agi,0.5074003699943179
594,205871.3641,454762.65,agi,0.8380730459436072
595,206875.235,455346.7642,agi,0.5843769841577234
596,206933.565,455176.5359,agi,0.7005346431126164
597,206960.86,455344.0708,agi,0.4033919227209779
598,207121.1265,455179.7588,agi,0.41537341128520244
599,207184.53,455713.3138,agi,0.3245211697598873
600,207228.275,456134.4377,agi,0.40136103784329874
601,207342.29,455908.4792,agi,0.4671542034191752
602,207372.09,454744.9275,agi,0.40620629056604807
603,207476.41,455166.3378,agi,0.35322152025423337
604,207541.04,456063.2654,agi,0.3723815226603605
605,207566.025,455634.1186,agi,0.5764672608196355
606,207621.21,456600.056,agi,0.42380023104347553
607,207632.54,454471.4197,agi,0.5185619166288453
608,207854.96,455228.6557,agi,0.6020503625129141
609,208079.275,455366.8159,agi,0.7142368971776192
610,208206.595,454816.7705,agi,0.32358728390465935
611,208221.81,454865.0571,agi,0.7796462393454257
612,206622.1,452044.7415,agi,0.6767402336945447
613,207272.085,452933.5675,agi,0.34905541916932314
614,207343.65,451559.5676,agi,0.8241471744640665
615,207528.88,453714.2452,agi,0.85252344
616,207715.725,452623.0557,agi,0.33664677591291825
617,207831.6,453964.1884,agi,0.46612658888832226
618,207987.6,454068.643,agi,0.7837207678758369
619,208138.67,453583.1689,agi,0.7489558142301951
620,208222.325,454075.2367,agi,0.4107126116138264
621,208387.225,452744.3924,agi,0.4256095940020262
622,208161.75,451204.6274,agi,0.5222832616748292
623,208407.965,450233.1375,agi,0.5907137911146128
624,208483.875,450382.4621,agi,0.6709528629181776
625,208505.1458,449382.0412,agi,0.5213481837418634
626,208962.58,451129.0192,agi,0.5775208296798888
627,209169.05,450510.4946,agi,0.748482563
628,209258.78,450839.8747,agi,0.3220099217343587
629,209667.5026,448869.4817,agi,0.4514621666064125
630,209711.8249,449074.6036,agi,0.7280097515307316
631,209737.1227,449491.7135,agi,0.8371241026123197
632,209834.0498,448503.7901,agi,0.6070064652693997
633,209993.75,448764.8293,agi,0.6192680911591895
634,208439.195,453017.8973,agi,0.36430320680386563
635,208483.11,454134.0769,agi,0.5684474200940728
636,208710.505,452679.9745,agi,0.61957036
637,208773.875,453000.88,agi,0.44548230218083784
638,208881.38,452712.293,agi,0.46154593856962856
639,208996.6,452446.7855,agi,0.5263704978627737
640,209855.475,449677.4507,agi,0.3120427186666358
641,209968.7994,449342.4935,agi,0.49324749934990697
642,209997.09,451326.5836,agi,0.42686880419792683
643,210356.56,451010.9766,agi,0.49649841130674877
644,210437.63,450943.0355,agi,0.37185727909155075
645,210570.25,450128.7496,agi,0.834316368
